name,url,domain_rating,link_type,pricing,category,description
GitHub,https://github.com,96,Nofollow,Freemium,ğŸš€ Startup Directory,"World's largest developer platform for version control, collaboration, and open-source software hosting and discovery."
Reddit,https://www.reddit.com,95,Nofollow,,ğŸ’» Social Media,The front page of the internet - diverse communities and discussions.
Sourceforge,https://sourceforge.net,92,Nofollow,,ğŸš€ Startup Directory,Platform for sharing and reviewing open-source and commercial software.
TechCrunch,https://techcrunch.com,92,Dofollow,,ğŸ— Press Coverage,"Leading technology media property, dedicated to obsessively profiling startups."
AI Tools by Neil Patel,https://aitools.neilpatel.com,91,Dofollow,Freemium,ğŸ¤– AI Directory,"Neil Patel's curated AI tools directory featuring top AI tools across categories like marketing, content, coding, and productivity."
G2,https://www.g2.com,91,Dofollow,,â­ï¸ Review Directory,Platform for discovering and comparing software.
Hacker News,https://news.ycombinator.com,91,Nofollow,,ğŸš€ Startup Directory,Y Combinator's community-driven tech news and startup discussion platform.
Product Hunt,https://www.producthunt.com,91,Dofollow,,ğŸ‘¥ Community,The premier platform for discovering and launching new products daily.
Capterra,https://www.capterra.com,90,Nofollow,,â­ï¸ Review Directory,A site for comparing business software.
DEV Community,https://dev.to,90,Dofollow,Freemium,ğŸ‘¥ Community,Community - Listed on SubmitSaaS directory
Launched by Lovable,https://launched.lovable.app,88,Dofollow,,ğŸš€ Startup Directory,Showcase of projects built with Lovable platform.
AngelList,https://angel.co,87,Nofollow,,ğŸš€ Startup Directory,"The world's largest startup community for investors, entrepreneurs, and job seekers."
FinancesOnline,https://financesonline.com,82,Dofollow,Freemium,â­ï¸ Review Directory,"B2B software review platform providing expert reviews, user ratings, and comparisons of business software and SaaS products."
StartupFA.me,https://startupfa.me,82,Dofollow,,ğŸš€ Startup Directory,Directory for finding and submitting startup tools and resources.
Dang AI,https://dang.ai,80,Nofollow,,ğŸš€ Startup Directory,Directory of AI tools and artificial intelligence resources.
Fazier,https://fazier.com,80,Nofollow,,ğŸš€ Startup Directory,Marketplace for SaaS products and startup tools.
Indie Hackers,https://indiehackers.com,80,Nofollow,,ğŸ‘¥ Community,Community of developers who are sharing the strategies behind their companies.
ScamAdviser,https://www.scamadviser.com,80,Nofollow,Free,ğŸš€ Startup Directory,Website trust and safety checker helping users verify if a website is legitimate or potentially fraudulent.
StackShare,https://stackshare.io,80,Nofollow,Freemium,ğŸš€ Startup Directory,"Developer-focused platform for discovering and comparing tech stacks, developer tools, and software infrastructure."
AlternativeTo,https://alternativeto.net,79,Dofollow,,â­ï¸ Review Directory,Crowdsourced software recommendations and alternatives.
Brownbook,https://www.brownbook.net,79,Dofollow,Freemium,ğŸ“‚ General Directory,General Directory - Listed on SubmitSaaS directory
Twelve Tools,https://twelve.tools,79,Dofollow,,ğŸš€ Startup Directory,Curated collection of tools for entrepreneurs and makers.
Active Search Results,https://www.activesearchresults.com,78,Dofollow,Freemium,ğŸ’« Other,Others - Listed on SubmitSaaS directory
Turbo0,https://turbo0.com/?via=launchdirectories,78,Dofollow,,ğŸš€ Startup Directory,Fast-track platform for launching products quickly.
Webwiki,https://www.webwiki.com,78,Dofollow,Freemium,ğŸ“‚ General Directory,General Directory - Listed on SubmitSaaS directory
There's An AI For That,https://theresanaiforthat.com/?via=krzysztof,77,Dofollow,,ğŸš€ Startup Directory,Comprehensive database of AI tools for every use case.
Callupcontact,https://www.callupcontact.com,76,Dofollow,Freemium,ğŸ“‚ General Directory,General Directory - Listed on SubmitSaaS directory
SaaSHub,https://www.saashub.com,76,Nofollow,,â­ï¸ Review Directory,Software alternatives and reviews platform.
Toolpilot,https://www.toolpilot.ai,76,Nofollow,,ğŸš€ Startup Directory,AI tools discovery and directory
Webrazzi,http://webrazzi.com,76,Dofollow,Freemium,ğŸš€ Startup Directory,Media - Listed on SubmitSaaS directory
Peerlist,https://peerlist.io,75,Nofollow,,ğŸš€ Startup Directory,Network and portfolio platform for tech professionals.
findly.tools,https://findly.tools,75,Dofollow,,ğŸš€ Startup Directory,"The best tools, all in one place."
BetaList,https://betalist.com,74,Dofollow,,ğŸš€ Startup Directory,Platform for discovering and getting early access to tomorrow's startups.
LaunchIgniter,https://launchigniter.com,74,Nofollow,,ğŸš€ Startup Directory,Launch Platform
Alternative.me,https://alternative.me,73,Nofollow,,â­ï¸ Review Directory,Find alternatives to popular software and services.
ExactSeek.com,https://www.exactseek.com,73,Dofollow,Freemium,ğŸ“‚ General Directory,General Directory - Listed on SubmitSaaS directory
SoftwareWorld,https://www.softwareworld.co,73,Nofollow,,â­ï¸ Review Directory,"Find The Best Software & Services 
For Your Business"
SubmitAiTools,https://submitaitools.org,73,Nofollow,,ğŸš€ Startup Directory,Simple platform to discover and share AI tools.
Uneed,https://www.uneed.best?atp=DYqKOG,73,Nofollow,,ğŸš€ Startup Directory,Curated directory of the best tools for entrepreneurs.
neeed.directory,https://neeed.directory,73,Dofollow,,ğŸš€ Startup Directory,Tools Directory
SaaSWorthy,https://www.saasworthy.com,72,Dofollow,Freemium,â­ï¸ Review Directory,"Software discovery and review platform providing data-driven SaaS product comparisons, ratings, and user reviews."
Toolify.ai,https://www.toolify.ai,72,Dofollow,Paid,ğŸ¤– AI Directory,"Comprehensive AI tools directory with 20,000+ tools, revenue rankings, and traffic analytics for discovering AI solutions."
magicbox.tools,https://magicbox.tools,72,Dofollow,,ğŸš€ Startup Directory,"Featuring over 20,000 awesome AI tools"
HotVsNot.Com,https://www.hotvsnot.com,71,Dofollow,Freemium,ğŸ“‚ General Directory,General Directory - Listed on SubmitSaaS directory
PeerPush,https://peerpush.net,71,Dofollow,,ğŸš€ Startup Directory,A community-driven startup directory with high domain rating that rewards you for spotlighting the next big thing while showcasing your own growth journey.
TinyLaunch,https://www.tinylaunch.com,71,Dofollow,,ğŸš€ Startup Directory,Product launch platform with visibility
SiteLike,https://www.sitelike.org,70,Nofollow,Free,ğŸš€ Startup Directory,Website similarity finder that helps users discover alternative and similar websites to any given domain.
Futurepedia,https://www.futurepedia.io,69,Nofollow,Paid,ğŸ¤– AI Directory,"One of the largest AI tools directories with comprehensive guides, community engagement, and a weekly newsletter for AI enthusiasts."
SideProjectors,https://www.sideprojectors.com,69,Nofollow,,ğŸš€ Startup Directory,Community for sharing and discovering side projects.
Future Tools,https://www.futuretools.io,68,Nofollow,,ğŸš€ Startup Directory,Directory of AI tools and future technology.
AI Tools Directory,https://aitoolsdirectory.com,67,Dofollow,Freemium,ğŸ¤– AI Directory,AI Directory - Listed on SubmitSaaS directory
AiTools,https://aitools.inc,67,Nofollow,,ğŸš€ Startup Directory,Handy directory for finding AI tools
toolsfine,https://toolsfine.com,67,Dofollow,,ğŸš€ Startup Directory,"better tools, better work"
aiwith.me,https://aiwith.me,66,Dofollow,,ğŸš€ Startup Directory,Discover the latest and best AI tools
Startup Stash,https://startupstash.com,65,Dofollow,,ğŸš€ Startup Directory,Curated directory of resources and tools for startups.
Viesearch,https://www.viesearch.com,65,Dofollow,Freemium,ğŸ“‚ General Directory,Human-edited web directory offering categorized website listings with editorial reviews and quality-vetted submissions.
Addon Biz,https://www.addon.biz,64,Dofollow,Freemium,ğŸ“‚ General Directory,General Directory - Listed on SubmitSaaS directory
Sprout24,https://sprout24.com,64,Dofollow,Freemium,ğŸš€ Startup Directory,Startup Directory - Listed on SubmitSaaS directory
Submission Web Directory,https://www.submissionwebdirectory.com,64,Dofollow,Freemium,ğŸ“‚ General Directory,General Directory - Listed on SubmitSaaS directory
Aura++,https://auraplusplus.com,62,Dofollow,,ğŸš€ Startup Directory,Increase Your Online Aura
High Rank Directory,https://www.highrankdirectory.com,61,Dofollow,Freemium,ğŸ“‚ General Directory,General Directory - Listed on SubmitSaaS directory
AgentHunter,https://www.agenthunter.io,60,Dofollow,,ğŸš€ Startup Directory,Best AI Agents in One Place
Open Launch,https://open-launch.com,60,Dofollow,,ğŸš€ Startup Directory,Open platform for product launches and feedback.
DevHunt,https://devhunt.org,59,Nofollow,,ğŸš€ Startup Directory,Product Hunt for developers - showcase developer tools.
Indie Deals,https://www.indie.deals,59,Nofollow,,ğŸš€ Startup Directory,Deals and discounts for indie makers and startups.
Pitchwall,https://pitchwall.co,59,Nofollow,,ğŸš€ Startup Directory,Premium startup showcase
Sites Directory,https://dir.org.vn,59,Dofollow,Freemium,ğŸ“‚ General Directory,General Directory - Listed on SubmitSaaS directory
acidtools.com,https://acidtools.com,59,Dofollow,,ğŸš€ Startup Directory,Directory of productivity & AI tools.
startupfa.st,https://www.startupfa.st,59,Nofollow,,ğŸš€ Startup Directory,Startup directory
MicroLaunch,https://microlaunch.net,58,Dofollow,,ğŸš€ Startup Directory,Platform for launching and discovering micro startups.
Firsto,https://firsto.co,57,Dofollow,,ğŸš€ Startup Directory,"Firsto is a productâ€‘launch platform tailored for indie makers, developers, and startups. It offers a fair, visibilityâ€‘first environment where every submitted project gains exposure, unlike curated or "
Super Launch,https://www.superlaun.ch,57,Dofollow,,ğŸš€ Startup Directory,A product launch platform cum directory.
Directory Web Promotion,https://www.directorywebpromotion.com,56,Dofollow,Freemium,ğŸ“‚ General Directory,General Directory - Listed on SubmitSaaS directory
IdeaKiln,https://ideakiln.com,56,Dofollow,,ğŸš€ Startup Directory,"A community-driven directory for early-stage startup ideas, prototypes, and MVPs.
"
NextGen Tools,https://www.nxgntools.com,56,Dofollow,,ğŸš€ Startup Directory,Discover the Best AI Tools & SaaS Products
Site Promotion Directory,https://www.sitepromotion.directory,56,Dofollow,Freemium,ğŸ“‚ General Directory,General Directory - Listed on SubmitSaaS directory
Startups Lab,https://startupslab.site,56,Nofollow,,ğŸš€ Startup Directory,Showcase your startup
Weboworld,https://www.weboworld.com,56,Dofollow,Freemium,ğŸ“‚ General Directory,General Directory - Listed on SubmitSaaS directory
DealMirror,https://dealmirror.com,55,Dofollow,Freemium,ğŸš€ Startup Directory,"Lifetime software deals marketplace offering discounted SaaS products, digital tools, and one-time purchase business software."
TrustMRR,https://trustmrr.com,54,Dofollow,,ğŸš€ Startup Directory,The database of verified startup revenues
Ben's Bites,https://bensbites.com,53,Dofollow,Freemium,ğŸ¤– AI Directory,AI Directory - Listed on SubmitSaaS directory
StartupTrusted,https://startuptrusted.com,53,Dofollow,,ğŸš€ Startup Directory,Discover trusted startups and submit your own to get discovered.
TinyLaunch,https://www.tinylaun.ch,52,Dofollow,Freemium,ğŸš€ Startup Directory,"Indie maker launch platform where creators share and discover small projects, tools, and side projects with a supportive community."
FoundrList,https://foundrlist.com,51,Dofollow,,ğŸš€ Startup Directory,SaaS and startup directory
Open Alternative,https://openalternative.co,51,Dofollow,,ğŸš€ Startup Directory,Open source alternatives to popular software.
Shipybara,https://shipybara.com,51,Dofollow,,ğŸš€ Startup Directory,"Launch your startup, get seen by early adopters
"
10015 Tools,https://10015.io,50,Dofollow,Freemium,ğŸš€ Startup Directory,Startup Directory - Listed on SubmitSaaS directory
AI Tech Viral,https://aitechviral.com,50,Dofollow,,ğŸš€ Startup Directory,AI Tech Viral is a simple directory for sharing AI tools
Launching Next,https://www.launchingnext.com,50,Dofollow,,ğŸš€ Startup Directory,Platform for announcing upcoming product launches.
MakerThrive,https://makerthrive.com,50,Nofollow,,ğŸ‘¥ Community,Community and resources for makers and creators.
Openhunts,https://openhunts.com,50,Dofollow,,ğŸš€ Startup Directory,Launch and hunt products openly.
Tiny Startups,https://tinystartups.com,50,Nofollow,,ğŸš€ Startup Directory,Community for small startups and indie hackers.
Unite List,https://unitelist.com,50,Dofollow,,ğŸš€ Startup Directory,Unite List is a straightforward directory where makers and SaaS creators can easily find and add useful digital tools.
AppaList,https://appalist.com,48,Dofollow,,ğŸš€ Startup Directory,Explore software solutions that take your productivity to the next level
BAI.tools,https://bai.tools,48,Dofollow,Freemium,ğŸ¤– AI Directory,AI Directory - Listed on SubmitSaaS directory
SaasHunt,https://saashunt.best,48,Nofollow,,ğŸš€ Startup Directory,Product Hunt Alternative for SaaS products
Promote Project,https://www.promoteproject.com,47,Nofollow,,ğŸš€ Startup Directory,Platform for promoting and marketing your projects.
AI Library,https://library.phygital.plus,46,Dofollow,Freemium,ğŸ¤– AI Directory,AI Directory - Listed on SubmitSaaS directory
AiTools,https://aitools.fyi,46,Dofollow,,ğŸš€ Startup Directory,Find Best AI Tools That Make Your Life Easy!
Huzzler,https://huzzler.so,46,Dofollow,,ğŸš€ Startup Directory,Platform for discovering and promoting new startup projects.
SoloPush,https://solopush.com,46,Dofollow,,ğŸš€ Startup Directory,Platform for solo entrepreneurs to promote their projects.
A1 Bookmarks,https://www.a1bookmarks.com,45,Dofollow,Freemium,ğŸ“‚ General Directory,General Directory - Listed on SubmitSaaS directory
EliteAI Tools,https://eliteai.tools,45,Dofollow,Freemium,ğŸ¤– AI Directory,"Premium AI tools directory showcasing elite AI-powered products with curated reviews, categories, and rankings."
Launch,https://trylaunch.ai,45,Dofollow,,ğŸš€ Startup Directory,The best new AI products. Every day.
Launch Vault,https://www.launchvault.dev,45,Dofollow,Freemium,ğŸš€ Startup Directory,Product launch platform for startups. Free submissions with high-quality dofollow backlinks and community engagement.
Navs Site,https://navs.site,45,Dofollow,Freemium,ğŸ¤– AI Directory,AI Directory - Listed on SubmitSaaS directory
Toolfio,https://toolfio.com,45,Dofollow,,ğŸš€ Startup Directory,The ultimate hub for finding and showcasing SaaS products.
ProductBurst,https://productburst.com,44,Dofollow,,ğŸš€ Startup Directory,Daily featured products and startup showcases.
We Like Tools,https://weliketools.com,44,Dofollow,,ğŸš€ Startup Directory,We Like Tools celebrates the best productivity solutions. Discover tools that we genuinely recommend and love.	
AI Agents Directory,https://aiagentsdirectory.com,43,Dofollow,Freemium,ğŸ¤– AI Directory,AI Directory - Listed on SubmitSaaS directory
AI Startups,https://aistartups.net,43,Dofollow,Freemium,ğŸ¤– AI Directory,AI Directory - Listed on SubmitSaaS directory
T5,https://t5.dev,43,Dofollow,Freemium,ğŸš€ Startup Directory,Startup Directory - Listed on SubmitSaaS directory
startuplist.ing,https://startuplist.ing,43,Nofollow,,ğŸš€ Startup Directory,All-in-one platform for builders
SaaSpo,https://saaspo.com,42,Dofollow,Freemium,ğŸš€ Startup Directory,"SaaS discovery platform showcasing curated software products with detailed reviews, comparisons, and design inspiration."
Awesome Tools,https://awesome.tools,41,Dofollow,,ğŸš€ Startup Directory,Best Awesome Tools for Startups
Micro SaaS Examples,https://www.microsaasexamples.com,41,Dofollow,,ğŸš€ Startup Directory,Explore the best micro saas ideas from the internet.
Victrays,https://victrays.com,40,Dofollow,Freemium,ğŸš€ Startup Directory,AI tools directory and tech resource hub featuring curated lists of AI-powered tools across multiple categories.
BestofAI,https://bestofai.com,39,Dofollow,Freemium,ğŸ¤– AI Directory,AI Directory - Listed on SubmitSaaS directory
IndieHub,https://indiehub.best,39,Dofollow,,ğŸš€ Startup Directory,All-in-One Directory for Indie Makers
StartupBase,https://startupbase.io,39,Dofollow,,ğŸš€ Startup Directory,Database and directory of startup companies.
Bulletin,https://bulletin.so,38,Dofollow,,ğŸš€ Startup Directory,A front page for early products. No upvotes. No hype.
CTRL ALT,https://ctrlalt.cc,38,Dofollow,Freemium,ğŸš€ Startup Directory,Launchpad - Listed on SubmitSaaS directory
SaaSBaba,https://saasbaba.com,38,Dofollow,Free,ğŸš€ Startup Directory,"SaaS reviews and deals platform offering in-depth software reviews, lifetime deals, and curated SaaS product recommendations."
Startup Buffer,https://startupbuffer.com,38,Dofollow,Freemium,ğŸ— Press Coverage,Startup Directory - Listed on SubmitSaaS directory
The Rundown,https://www.therundown.ai,38,Dofollow,Freemium,ğŸ¤– AI Directory,AI Directory - Listed on SubmitSaaS directory
AI Tools Marketer,https://aitoolsmarketer.com,37,Dofollow,Freemium,ğŸ¤– AI Directory,AI Directory - Listed on SubmitSaaS directory
RankYourAI,https://rankyourai.com,36,Nofollow,,ğŸš€ Startup Directory,Ranking and review platform for AI tools.
Saaspa.ge,https://www.saaspa.ge,36,Dofollow,,ğŸš€ Startup Directory,Saas Products Directory
AI Findy,https://aifindy.com,35,Dofollow,Freemium,ğŸš€ Startup Directory,"AI tools discovery platform helping users find the best AI tools sorted by category, use case, and popularity."
Best of Web,https://www.bestofweb.site,35,Nofollow,,ğŸš€ Startup Directory,All-in-One Growth Platform
HuntScreens.com,https://huntscreens.com,35,Dofollow,Freemium,ğŸš€ Startup Directory,Startup Directory - Listed on SubmitSaaS directory
IndieHackerStacks,https://indiehackerstacks.com,35,Nofollow,,ğŸš€ Startup Directory,Discover the best tools from fellow indie hackers to build your product.
ShipYard HQ,https://shipyardhq.dev,35,Dofollow,,ğŸš€ Startup Directory,Shipyard shows what builders are actually clicking on.
TinyLaunchpad,https://tinylaunchpad.com,35,Dofollow,,ğŸš€ Startup Directory,Fresh products and startups launched every Monday.
rankinpublic.xyz,https://rankinpublic.xyz,35,Nofollow,,ğŸš€ Startup Directory,Live product rankings
toolfolio,https://toolfolio.io,35,Nofollow,,ğŸš€ Startup Directory,"All the tools & resources you need, in one place."
1000.tools,https://1000.tools,34,Nofollow,,ğŸš€ Startup Directory,"An exclusive list of the 1000 best tools.
Carefully vetted and maintained by humans."
Proofstories,https://proofstories.io/directory,34,Nofollow,,ğŸš€ Startup Directory,A collection of tools sharing how they won their first customers.
Startuplister,https://startuplister.com,34,Dofollow,Freemium,ğŸš€ Startup Directory,Startup Directory - Listed on SubmitSaaS directory
EuroAlternative,https://euroalternative.co,33,Nofollow,,ğŸš€ Startup Directory,Discover European Alternatives to Big Tech Companies
Spiff.store,https://spiff.store,33,Dofollow,Freemium,ğŸ¤– AI Directory,AI Directory - Listed on SubmitSaaS directory
Startups.fm,https://startups.fm,33,Dofollow,,ğŸš€ Startup Directory,Podcast and community focused on startup stories.
Directory-Free,https://www.directory-free.com,32,Dofollow,Freemium,ğŸ“‚ General Directory,General Directory - Listed on SubmitSaaS directory
LLM Relevance,https://llmrelevance.com,32,Dofollow,,ğŸš€ Startup Directory,"Curated AI SEO tools, playbooks, and guidance built for small businesses that need to show up in LLMs"
Once.tools,https://once.tools,32,Dofollow,Free,ğŸš€ Startup Directory,Curated directory of one-time purchase software tools and lifetime deal alternatives to subscription-based SaaS products.
ToolHub,https://toolhub.me,32,Dofollow,,ğŸš€ Startup Directory,Central hub for discovering useful tools and apps.
FindYourSaaS,https://www.findyoursaas.com,31,Dofollow,,ğŸš€ Startup Directory,Discover and compare SaaS products for your business.
AI Listing,https://ailisting.ai,30,Dofollow,Freemium,ğŸš€ Startup Directory,AI tools directory and listing platform for submitting and discovering AI-powered tools and SaaS products.
AI Tool Details,https://aitooldetails.com,30,Dofollow,Freemium,ğŸ¤– AI Directory,AI Directory - Listed on SubmitSaaS directory
ConfettiSaaS,https://confettisaas.com,30,Dofollow,,ğŸš€ Startup Directory,ConfettiSaaS.com is a platform for showcasing and discovering confetti-powered apps.
Make.rs,https://make.rs,30,Dofollow,Freemium,ğŸ‘¥ Community,Community - Listed on SubmitSaaS directory
OpenFuture,https://openfuture.ai,30,Dofollow,Freemium,ğŸ¤– AI Directory,AI Directory - Listed on SubmitSaaS directory
PromptZone,https://promptzone.com,30,Dofollow,Freemium,ğŸ‘¥ Community,Community - Listed on SubmitSaaS directory
Resource.fyi,https://resource.fyi,30,Nofollow,,ğŸš€ Startup Directory,Collection of useful resources for entrepreneurs.
WhatTheAI,https://whattheai.tech,30,Dofollow,Freemium,ğŸš€ Startup Directory,AI tools aggregator helping users discover and compare AI-powered tools across various categories and use cases.
AI Navbar,https://ainavbar.com,29,Dofollow,Freemium,ğŸ¤– AI Directory,AI Directory - Listed on SubmitSaaS directory
AI TOOL GURU,https://aitoolguru.com,29,Dofollow,Freemium,ğŸ¤– AI Directory,AI Directory - Listed on SubmitSaaS directory
Ant Directory,https://antdirectory.com,29,Dofollow,Freemium,ğŸ’» Software Directory,Software Directory - Listed on SubmitSaaS directory
Daily Pings,https://dailypings.com,29,Dofollow,,ğŸš€ Startup Directory,Daily digest of new product launches and startup news.
SubmitHunt,https://www.submithunt.com,29,Nofollow,,ğŸš€ Startup Directory,Visual showcase for startups
Text Link Directory,https://www.textlinkdirectory.com,29,Dofollow,Freemium,ğŸ“‚ General Directory,General Directory - Listed on SubmitSaaS directory
AffordHunt,https://affordhunt.com,28,Dofollow,Freemium,ğŸš€ Startup Directory,AI Directory - Listed on SubmitSaaS directory
FiveTaco,https://fivetaco.com,28,Dofollow,Freemium,ğŸš€ Startup Directory,Startup and product launch directory for indie makers to showcase their projects and gain visibility among early adopters.
HUNT0,https://hunt0.com,28,Dofollow,,ğŸš€ Startup Directory,LaunchPad - Ship Early. Hunt Early.
ItsLaunched,https://itslaunched.com,28,Dofollow,Freemium,ğŸ‘¥ Community,Community - Listed on SubmitSaaS directory
Made with Lovable,https://madewithlovable.com,28,Nofollow,,ğŸš€ Startup Directory,Showcase of websites and apps built with Lovable.
NoteableAI,https://noteableai.com,28,Dofollow,Freemium,ğŸš€ Startup Directory,AI tools discovery platform featuring curated and categorized AI tools with reviews and detailed feature breakdowns.
OneMillionDirectory,https://onemilliondirectory.com,28,Dofollow,Freemium,ğŸ“‚ General Directory,General Directory - Listed on SubmitSaaS directory
Stellar Launch,https://stellarlaunch.org,28,Dofollow,,ğŸš€ Startup Directory,Where products keep getting discovered after launch day.
AI Tools List,https://aitoolslist.io,27,Dofollow,Freemium,ğŸ¤– AI Directory,AI Directory - Listed on SubmitSaaS directory
AIxuanfeng,https://www.aixuanfeng.com,27,Dofollow,Freemium,ğŸŒ International,International - Listed on SubmitSaaS directory
BuildVoyage,https://buildvoyage.com,27,Nofollow,,ğŸš€ Startup Directory,Discover and track real microâ€‘SaaS journeys
Justgotfound,https://justgotfound.com,27,Nofollow,,ğŸš€ Startup Directory,Discover Amazing Products
Startups.fyi,https://startups.fyi,27,Dofollow,,ğŸš€ Startup Directory,Information and resources for startup founders.
ailib.ru,https://ailib.ru,27,Dofollow,Freemium,ğŸŒ International,International - Listed on SubmitSaaS directory
AwesomeIndie,https://awesomeindie.com,26,Nofollow,,ğŸš€ Startup Directory,"Awesome Indie is a curated platform for discovering indie products, side projects, and micro-startups"
NavFolders,https://navfolders.com,26,Dofollow,Freemium,ğŸ’» Software Directory,Software Directory - Listed on SubmitSaaS directory
One Million Screenshots,https://onemillionscreenshots.com,26,Dofollow,Freemium,ğŸ’« Other,Others - Listed on SubmitSaaS directory
Saassy Board,https://saassy-board.com,26,Dofollow,,ğŸš€ Startup Directory,"Launch SaaS, earn rewards, fight hunger"
SideProjects,https://sideprojects.net,26,Dofollow,Freemium,ğŸ‘¥ Community,Community - Listed on SubmitSaaS directory
ai.dreamthere.cn,https://ai.dreamthere.cn,26,Dofollow,Freemium,ğŸ¤– AI Directory,AI Directory - Listed on SubmitSaaS directory
hot100,https://www.hot100.ai,26,Dofollow,,ğŸš€ Startup Directory,The weekly chart for indie AI projects and Vibe Coders.
ANYFP,https://anyfp.com,25,Dofollow,Freemium,ğŸ¤– AI Directory,AI Directory - Listed on SubmitSaaS directory
See What New AI,https://www.seewhatnewai.com,25,Dofollow,Free,ğŸš€ Startup Directory,Platform for discovering newly launched AI tools and staying updated on the latest AI product releases.
ToolScout AI,https://toolscout.ai,25,Dofollow,Freemium,ğŸš€ Startup Directory,AI-powered tool discovery platform helping users find the right AI tools for their specific needs and workflows.
stashli.st,https://stashli.st,24,Dofollow,Freemium,ğŸ’« Other,Others - Listed on SubmitSaaS directory
Kyi AI Directory,https://kyi.ai,23,Dofollow,Freemium,ğŸ¤– AI Directory,AI Directory - Listed on SubmitSaaS directory
Tip Season,https://tipseason.com,23,Dofollow,Freemium,ğŸš€ Startup Directory,AI Directory - Listed on SubmitSaaS directory
Top10,https://top10.now,23,Nofollow,,ğŸš€ Startup Directory,Top 10 lists of tools and services in various categories.
600.tools,https://600.tools,22,Dofollow,Freemium,ğŸš€ Startup Directory,Curated collection of useful online tools and SaaS products organized by category for easy discovery and comparison.
AI Depot,https://aidepot.co,22,Dofollow,Freemium,ğŸ¤– AI Directory,AI Directory - Listed on SubmitSaaS directory
WhatIsAITools,https://whatisaitools.com,22,Dofollow,Freemium,ğŸš€ Startup Directory,"AI tools directory providing detailed descriptions, reviews, and categorized listings of AI-powered software and services."
Expify,https://expify.ai,21,Dofollow,Freemium,ğŸ¤– AI Directory,AI Directory - Listed on SubmitSaaS directory
Lachief.io,https://lachief.io,21,Dofollow,Freemium,ğŸ¤– AI Directory,AI Directory - Listed on SubmitSaaS directory
MarketingDB,https://marketingdb.live,21,Dofollow,,ğŸš€ Startup Directory,Get free dofollow backlinks from MarketingDB
madewithbolt,https://madewithbolt.com,21,Dofollow,,ğŸš€ Startup Directory,A collection of apps and websites made with Bolt.new
FeaturedTool,https://featuredtool.com,20,Dofollow,Freemium,ğŸš€ Startup Directory,"Tool discovery directory featuring hand-picked digital tools, software, and AI products with detailed reviews."
NewAIForYou,https://newaiforyou.com,20,Dofollow,Freemium,ğŸ¤– AI Directory,AI Directory - Listed on SubmitSaaS directory
ProjectHunt.me,https://projecthunt.me,20,Dofollow,Free,ğŸš€ Startup Directory,"Project showcase platform for developers and makers to share side projects, open-source tools, and indie products."
Toollist,https://toollist.ai,19,Dofollow,,ğŸš€ Startup Directory,Directory of Artificial Intelligence Tools
Dirs.cc,https://dirs.cc,18,Dofollow,Free,ğŸš€ Startup Directory,Curated startup and tool directory helping creators get discovered through categorized listings and community features.
SaaSBison,https://saasbison.com,16,Dofollow,,ğŸš€ Startup Directory,Find the best software and alternatives in minutes with filters and reviews.
ScoutForge,https://scoutforge.net,15,Dofollow,Free,ğŸš€ Startup Directory,Startup discovery platform helping founders showcase their products and connect with potential users and investors.
Launch Vibe,https://www.launchvibe.app,12,Dofollow,,ğŸš€ Startup Directory,Launch to 1000s of founders
startuups,https://startuups.com,12,Dofollow,,ğŸš€ Startup Directory,Launch platform for SaaS products
Sumodir,https://sumodir.com,7,Dofollow,,ğŸš€ Startup Directory,"The business directory for startups, SaaS companies, local businesses, and apps. "
Versily,https://versily.com,1,Dofollow,,ğŸš€ Startup Directory,The curated launchpad for SaaS and AI startups.
launch.cab,https://launch.cab,1,Dofollow,,ğŸš€ Startup Directory,Helping indie founders get discovered and track trends.
10 Words,https://10words.io,,,,ğŸš€ Startup Directory,
360Quadrants,https://360quadrants.com,,,,â­ï¸ Review Directory,
9 Sites,https://www.9sites.net/addurl.php,,,,ğŸš€ Startup Directory,
AI Repo,https://airepo.io,,,,ğŸš€ Startup Directory,
AIx Collection,https://aixcollection.com,,,,ğŸš€ Startup Directory,
ARS Technica,https://arstechnica.com/contact-us,,,,ğŸš€ Startup Directory,
Addictive Tips,https://www.addictivetips.com/tip-us,,,,ğŸš€ Startup Directory,
Agni,https://office.angi.com/app/join/registratio,,,,ğŸš€ Startup Directory,
AiTool.ai,https://aitool.ai,,,,ğŸš€ Startup Directory,
Airtable Marketplace,https://airtable.com/marketplace,,,,ğŸ§© SaaS Marketplace,
Akita SaaS Directory,https://akitaapp.com/directory,,,,ğŸ§© SaaS Marketplace,
All Startups Info,https://www.allstartups.info,,,,ğŸš€ Startup Directory,
All That SaaS,https://allthatsaas.com,,,,â­ï¸ Review Directory,
All Top,https://alltop.com/feed,,,,ğŸš€ Startup Directory,
All Top Startups,https://alltopstartups.com/submit-st,,,,ğŸš€ Startup Directory,
Alpha Digits,https://alphadigits.com,,,,ğŸš€ Startup Directory,
Alternatives.co,https://alternatives.co,,,,ğŸš€ Startup Directory,
American Inno,https://www.americaninno.com/post-a-star,,,,ğŸš€ Startup Directory,
American Startups,https://americanstartups.com/share-your-s,,,,ğŸš€ Startup Directory,
Amfibi,http://www.amfibi.com,,,,ğŸš€ Startup Directory,
Android Apps Review,https://www.androidappsreview.com,,,,â­ï¸ Review Directory,
Android Authority,https://www.androidauthority.com,,,,ğŸš€ Startup Directory,
App Listo,https://appslisto.com/submit-your-app,,,,ğŸš€ Startup Directory,
App Rater,https://apprater.net/add,,,,ğŸš€ Startup Directory,
App Review Central,http://www.appreviewcentral.net/app-sub,,,,â­ï¸ Review Directory,
App Spy,https://www.appspy.com,,,,ğŸš€ Startup Directory,
App Sumo,https://appsumo.com/sell,,,,ğŸ’« Other,
AppAgg,https://appagg.com/?hl=en,,,,ğŸš€ Startup Directory,
AppExchange,https://appexchange.salesforce.com,,,,ğŸ§© SaaS Marketplace,
Apple Insider,https://appleinsider.com,,,,ğŸš€ Startup Directory,
Appoid,https://appiod.com/submit-app-for-revien,,,,ğŸš€ Startup Directory,
Appolicious,https://www.appolicious.com/contact-us,,,,ğŸš€ Startup Directory,
Apps 400,https://apps400.com/submit-your-application-fol,,,,ğŸš€ Startup Directory,
Apps Mamma,http://appsmamma.com/submit-your-app,,,,ğŸš€ Startup Directory,
Apps Mirror,https://appsmirror.com/submit-your-app-fol,,,,ğŸš€ Startup Directory,
Apps Thunder,https://appsthunder.com/submit-your-app,,,,ğŸš€ Startup Directory,
Apps Zoom,http://appszoom.com,,,,ğŸš€ Startup Directory,
Appsolite,https://appsolite.com,,,,ğŸ‘¥ Community,
Appvita,https://www.appvita.com,,,,ğŸš€ Startup Directory,
Appy Smarts,https://www.appysmarts.com,,,,ğŸš€ Startup Directory,
Artic Startups,https://arcticstartup.com/become-a,,,,ğŸš€ Startup Directory,
Ask Your Android,http://askyourandroid.com,,,,ğŸš€ Startup Directory,
Astro Growth,https://www.astrogrowth.com,,,,ğŸš€ Startup Directory,
Being Guru,https://www.beingguru.com/submit-startu,,,,ğŸš€ Startup Directory,
Best App for Kids,https://www.bestappsforkids.com/submit,,,,ğŸš€ Startup Directory,
Beta Bound,https://betabound.com,,,,ğŸš€ Startup Directory,
BetaPage,https://betapage.co,,,,ğŸš€ Startup Directory,
Betakit,https://betakit.com,,,,ğŸš€ Startup Directory,
Better Buys,https://betterbuys.com,,,,â­ï¸ Review Directory,
Big Startups,https://biqstartups.co/overview/sub,,,,ğŸš€ Startup Directory,
Bloombuzz,https://bloombuzz.in/joinus,,,,ğŸš€ Startup Directory,
Boing Boing,https://boingboing.net,,,,ğŸš€ Startup Directory,
Bootstrappers,https://bootstrappers.io,,,,ğŸš€ Startup Directory,
Breakout List,https://breakoutlist.com,,,,ğŸš€ Startup Directory,
BufferApps,https://bufferapps.com,,,,ğŸš€ Startup Directory,
Built In,https://builtin.com/expert-contributors,,,,ğŸš€ Startup Directory,
Business Insider,https://www.businessinsider.in/contributors,,,,ğŸš€ Startup Directory,
Business Software,https://www.business-software.com/add-,,,,ğŸš€ Startup Directory,
Business to Community,https://www.business2community.com/;,,,,ğŸ‘¥ Community,
Buzzfeed News,https://www.buzzfeednews.com,,,,ğŸ— Press Coverage,
CNET,https://www.cnet.com,,,,ğŸš€ Startup Directory,
Cabinet,https://www.cabinetm.com/information/m,,,,ğŸš€ Startup Directory,
Change Log,http://changelog.com/sponsor/pricing,,,,ğŸš€ Startup Directory,
Cipinet,https://www.cipinet.com/suggest.php?ac,,,,ğŸš€ Startup Directory,
Cloudwards,https://cloudwards.net,,,,â­ï¸ Review Directory,
Clutch,https://clutch.co/review,,,,ğŸš€ Startup Directory,
CoFounders Lab,https://cofounderslab.com,,,,ğŸš€ Startup Directory,
Coin Scribble,http://coinscribble.com/contact,,,,ğŸš€ Startup Directory,
Coindoo,https://coindoo.com/submit-press-releast,,,,ğŸš€ Startup Directory,
Collaborizm,https://www.collaborizm.com,,,,ğŸš€ Startup Directory,
Compare Software,https://www.comparasoftware.com,,,,â­ï¸ Review Directory,
Coop Commerce,https://www.coopcommerce.com,,,,ğŸš€ Startup Directory,
Crazy About Startups,https://crazyaboutstartups.com,,,,ğŸš€ Startup Directory,
Creator Supply,https://creator.supply,,,,ğŸš€ Startup Directory,
Crowd Reviews,https://www.crowdreviews.com,,,,â­ï¸ Review Directory,
Croz Desk,https://Crozdesk.com,,,,â­ï¸ Review Directory,
Crunchbase,https://www.crunchbase.com/home,,,,ğŸš€ Startup Directory,
Cuspera e27,https://www.cuspera.com/vendors,,,,ğŸš€ Startup Directory,
Designer News,https://designernews.co,,,,ğŸ— Press Coverage,
Dev Pages,https://devpages.io,,,,ğŸš€ Startup Directory,
Dev Post,https://devpost.com/software,,,,ğŸš€ Startup Directory,
Dev Resources,https://devresourc.es,,,,ğŸš€ Startup Directory,
Digg,https://digg.com,,,,ğŸš€ Startup Directory,
Digital Trends,https://www.digitaltrends.com,,,,ğŸš€ Startup Directory,
Discover CRM,https://discovercrm.com,,,,â­ï¸ Review Directory,
Discover Cloud,https://www.discovercloud.com/become-,,,,â­ï¸ Review Directory,
Discover Our Town,http://www.discoverourtown.com/add,,,,ğŸš€ Startup Directory,
EBool,https://www.ebool.com/submit,,,,ğŸš€ Startup Directory,
EU-Startups,https://www.eu-startups.com/directory/?',,,,ğŸ‘¥ Community,
Efficient App,https://efficient.app,,,,â­ï¸ Review Directory,
Elpha,https://elpha.com,,,,ğŸš€ Startup Directory,
Emoji Launch,https://emojilaunch.com/submit,,,,ğŸš€ Startup Directory,
EnGadget,https://www.engadget.com/about/advertist,,,,ğŸš€ Startup Directory,
F6S,https://www.f6s.com,,,,ğŸš€ Startup Directory,
Fark,https://www.fark.com,,,,ğŸš€ Startup Directory,
Fast Company,https://www.fastcompany.com,,,,ğŸš€ Startup Directory,
Featured Customers,https://www.featuredcustomers.com,,,,â­ï¸ Review Directory,
Feed My Startup,http://feedmystartup.com/submit-your-st,,,,ğŸš€ Startup Directory,
Feedough,https://www.feedough.com/submit-',,,,ğŸš€ Startup Directory,
Find Cool Tools,https://findcool.tools,,,,ğŸš€ Startup Directory,
Find SEO Tools,https://findseotools.com,,,,ğŸš€ Startup Directory,
FindStack,https://findstack.com,,,,â­ï¸ Review Directory,
Finding Startups,https://findingstartups.com/startups,,,,ğŸš€ Startup Directory,
Fintech News iLounge,https://fintechnews.sq/submit-your-fintec,,,,ğŸ— Press Coverage,
First 100 Users,https://first100users.com,,,,ğŸš€ Startup Directory,
Freeble,https://freeble.site,,,,ğŸš€ Startup Directory,
Fuel Up,https://fuelup.co/add,,,,ğŸš€ Startup Directory,
Future of Saas,https://www.futureofsaas.io/contributor-,,,,ğŸš€ Startup Directory,
G2 Stack,https://stack.g2.com,,,,ğŸš€ Startup Directory,
Geek Wire,https://Geekwire.com,,,,ğŸ— Press Coverage,
Geekopedia,https://geekopedia.me/write-for-us,,,,ğŸš€ Startup Directory,
Get App,https://www.gartner.com/en/digital-marke,,,,â­ï¸ Review Directory,
Get Worm,https://getworm.com/submit-startup,,,,ğŸ‘¥ Community,
GetApp,https://getapp.com,,,,â­ï¸ Review Directory,
Growing Page,https://growingpage.com,,,,ğŸš€ Startup Directory,
Growjo,https://growjo.com,,,,ğŸš€ Startup Directory,
Growth Hack List,https://growthhacklist.com/startup-director,,,,ğŸ‘¥ Community,
Growth Hackers,https://growthhackers.com,,,,ğŸ‘¥ Community,
Growth Junkie,https://growthiunkie.com,,,,ğŸš€ Startup Directory,
Growth Kit,https://www.growthkit.so,,,,ğŸš€ Startup Directory,
Gust,https://gust.com,,,,ğŸ‘¥ Community,
Hackernoon,https://hackernoon.com,,,,ğŸš€ Startup Directory,
Hackerspad,https://hackerspad.net,,,,ğŸš€ Startup Directory,
Hopps,https://hopps.io,,,,ğŸ‘¥ Community,
How Brands Are Built,https://howbrandsarebuilt.com/submit,,,,ğŸš€ Startup Directory,
How to buy SaaS,https://www.howtobuysaas.com,,,,ğŸš€ Startup Directory,
IT Central Station,https://itcentralstation.com,,,,â­ï¸ Review Directory,
ITQlick,https://itqlick.com,,,,â­ï¸ Review Directory,
Inbox World,https://inboxworld.io,,,,ğŸš€ Startup Directory,
Inc42,https://inc42.com/startup-submissic,,,,ğŸ— Press Coverage,
Index,https://index.co/companies?&,,,,ğŸš€ Startup Directory,
India Mart,https://seller.indiamart.com,,,,ğŸš€ Startup Directory,
Indian Yellow Pages,https://www.indianyellowpages.com/post-,,,,ğŸš€ Startup Directory,
Indie Gamer Reviewer,https://indiegamereviewer.com/contact-ir,,,,â­ï¸ Review Directory,
Indie Hustles,https://indiehustles.com,,,,ğŸš€ Startup Directory,
IndieStack,https://www.indiestack.co/contribute,,,,ğŸš€ Startup Directory,
IndieTool,https://indietool.io,,,,ğŸš€ Startup Directory,
Info World,https://www.infoworld.com,,,,ğŸš€ Startup Directory,
InnMind,https://innmind.com,,,,ğŸš€ Startup Directory,
Insanely Cool Tools,https://insanelycooltools.com,,,,ğŸš€ Startup Directory,
Insanely Useful Websites,https://insanelyusefulwebsites.com,,,,ğŸš€ Startup Directory,
Inside,https://community.inside.com,,,,ğŸš€ Startup Directory,
Insur-Tech iPhone Life,https://insur-tech.com/submit,,,,ğŸš€ Startup Directory,
Integrately,https://integrately.com,,,,ğŸ§© SaaS Marketplace,
Joinly,https://www.joinly.xyz,,,,ğŸš€ Startup Directory,
Jona,https://jonapr.com,,,,ğŸ— Press Coverage,
Karo Startup,https://karostartup.com/advertise-with-us,,,,ğŸš€ Startup Directory,
Killer Startups,http://www.killerstartups.com,,,,ğŸ— Press Coverage,
KitDB,https://kitdb.app,,,,ğŸš€ Startup Directory,
Kotaku,https://kotaku.com,,,,ğŸš€ Startup Directory,
Land-Book,https://land-book.com,,,,ğŸš€ Startup Directory,
Landing Folio,https://www.landingfolio.com,,,,ğŸš€ Startup Directory,
Latka,https://getlatka.com,,,,ğŸ‘¥ Community,
Launched!,https://launched.io,,,,ğŸš€ Startup Directory,
Lets Venture,https://letsventure.com/join/startup,,,,ğŸš€ Startup Directory,
Letter List,https://letterlist.com/submit,,,,ğŸš€ Startup Directory,
Life Hack,https://www.lifehack.org,,,,ğŸš€ Startup Directory,
Listly,https://list.ly,,,,ğŸš€ Startup Directory,
Lobsters,https://lobste.rs,,,,ğŸš€ Startup Directory,
Local,https://partners.local.com,,,,ğŸš€ Startup Directory,
Lunadio,https://lunadio.com,,,,ğŸ‘¥ Community,
MacTrast,http://www.mactrast.com/contact,,,,ğŸš€ Startup Directory,
Magnitt,https://magnitt.com/startups,,,,ğŸš€ Startup Directory,
Make Use Of,https://www.makeuseof.com/contributor,,,,ğŸš€ Startup Directory,
Maker Lead,https://makerlead.com,,,,ğŸ‘¥ Community,
MakerMove,https://makermove.com,,,,ğŸ‘¥ Community,
Makerlog,https://getmakerlog.com,,,,ğŸ‘¥ Community,
Makerpad,http://makerpad.co,,,,ğŸ‘¥ Community,
Mashable,https://in.mashable.com/website-informati,,,,ğŸš€ Startup Directory,
Merchant Circle,https://www.merchantcircle.com/signup/#â€¹,,,,ğŸš€ Startup Directory,
Merchant Maverick,https://merchantmaverick.com,,,,â­ï¸ Review Directory,
MicroAcquire,https://microacquire.com,,,,ğŸ’« Other,
MicroStartups,https://www.microstartups.co,,,,ğŸš€ Startup Directory,
ModDB,https://www.moddb.com,,,,ğŸš€ Startup Directory,
Morning Brew,https://morningbrew.com,,,,ğŸ— Press Coverage,
Mr. Free Tools,https://mrfreetools.com,,,,ğŸš€ Startup Directory,
My Startup Tool,https://mystartuptool.com,,,,ğŸš€ Startup Directory,
Neede,https://neede.co,,,,ğŸš€ Startup Directory,
Netted,https://www.netted.net,,,,ğŸš€ Startup Directory,
New Startups,https://www.new-startups.com/pron,,,,ğŸš€ Startup Directory,
Next Big Product,http://nextbigproduct.net,,,,ğŸš€ Startup Directory,
Next Big What,https://nextbigwhat.com,,,,ğŸš€ Startup Directory,
No Code Founders,https://nocodefounders.com,,,,ğŸ‘¥ Community,
NoCode Tech,https://www.nocode.tech/tools,,,,ğŸš€ Startup Directory,
NoCodeDevs,https://nocodedevs.com,,,,ğŸš€ Startup Directory,
Online Genuises,https://onlinegeniuses.com/marketplace-,,,,ğŸ§© SaaS Marketplace,
Open Startup,https://openstartup.tm,,,,ğŸš€ Startup Directory,
Open Startup List,https://openstartuplist.com,,,,ğŸš€ Startup Directory,
Owwly,https://owwly.com/products/all,,,,ğŸš€ Startup Directory,
Oye Startups,https://oyestartups.com/contact,,,,ğŸš€ Startup Directory,
PC Mag,https://in.pcmag.com,,,,ğŸš€ Startup Directory,
Paggu,https://www.paggu.com,,,,ğŸš€ Startup Directory,
Pando,https://pando.com,,,,ğŸš€ Startup Directory,
Pipedrive Marketplace,https://marketplace.pipedrive.com,,,,ğŸ§© SaaS Marketplace,
PitchBook,https://www.pitchbook.com/sponsorship,,,,ğŸš€ Startup Directory,
Pocket Lint,https://www.pocket-lint.com,,,,ğŸš€ Startup Directory,
Pocket gamer,https://www.pocketgamer.com/pages/cont,,,,ğŸš€ Startup Directory,
Post Make,https://postmake.io/submit,,,,ğŸš€ Startup Directory,
Prefundia,https://prefundia.com,,,,ğŸš€ Startup Directory,
Press Hunt,https://presshunt.co,,,,ğŸ— Press Coverage,
Press Notify,https://pressnotify.com,,,,ğŸ— Press Coverage,
PressFarm,https://press.farm,,,,ğŸ— Press Coverage,
Productivity Directory,https://productivity.directory,,,,ğŸš€ Startup Directory,
Profit Hunt,https://profithunt.co,,,,ğŸš€ Startup Directory,
Programmable Web,https://www.programmableweb.com,,,,ğŸš€ Startup Directory,
Project Hatch,https://www.projecthatch.co/your-story,,,,ğŸš€ Startup Directory,
Promote Project,https://www.promoteproiect.com,,,,ğŸš€ Startup Directory,
Promotehour,https://promotehour.com,,,,ğŸ— Press Coverage,
Public APIs,https://public-apis.io,,,,ğŸ¤ API Marketplace,
RapidAPI,https://rapidapi.com,,,,ğŸ¤ API Marketplace,
ReadWrite,https://readwrite.com/contributor-guideline,,,,ğŸš€ Startup Directory,
Ready SaaS Go,http://readysaasgo.com,,,,ğŸš€ Startup Directory,
Red Ferret,https://www.redferret.net/contact-us,,,,ğŸš€ Startup Directory,
Remote Tools,https://www.remote.tools,,,,ğŸš€ Startup Directory,
Robingood,https://tools.robingood.com,,,,ğŸš€ Startup Directory,
Romanian Startups,https://www.romanianstartups.com,,,,ğŸš€ Startup Directory,
SaaS Alliance,https://saasalliance.io,,,,ğŸ‘¥ Community,
SaaS Community,https://saascommunity.com,,,,ğŸ‘¥ Community,
SaaS Directory,http://saasdirectory.com,,,,â­ï¸ Review Directory,
SaaS Genius,https://www.saasgenius.com/free-listing,,,,â­ï¸ Review Directory,
SaaS Insider,https://saasinsider.com,,,,ğŸ‘¥ Community,
SaaS Mag,https://saasmag.com,,,,ğŸš€ Startup Directory,
SaaS Place,https://saasplace.io,,,,ğŸ’µ Acquire & Sell,
SaaS Projects,https://saasprojects.com,,,,ğŸš€ Startup Directory,
SaaSList,https://saaslist.com,,,,â­ï¸ Review Directory,
SaaSRefs,https://saasrefs.com,,,,ğŸš€ Startup Directory,
SaaSified,https://Saasified.co,,,,ğŸš€ Startup Directory,
SelectHub,https://selecthub.com,,,,â­ï¸ Review Directory,
Serchen,https://www.serchen.com/get-listed,,,,â­ï¸ Review Directory,
Shopify App Store,https://apps.shopify.com,,,,ğŸ§© SaaS Marketplace,
Sick Tools,https://sick.tools,,,,ğŸš€ Startup Directory,
Side Bar,https://Sidebar.io,,,,ğŸš€ Startup Directory,
Silicon Angle,https://siliconangle.com,,,,ğŸš€ Startup Directory,
Similar Site Search,http://similarsitesearch.com/webmaster,,,,ğŸš€ Startup Directory,
Site Jabber,https://www.siteiabber.com,,,,ğŸš€ Startup Directory,
Slant,http://slant.co,,,,â­ï¸ Review Directory,
Slash Dot,http://slashdot.org,,,,ğŸš€ Startup Directory,
Slate,https://slate.com/pitch,,,,ğŸš€ Startup Directory,
Small Business Marketing Tools,https://sbmarketingtools.com,,,,ğŸš€ Startup Directory,
Smart Money Match,https://www.smartmoneymatch.com/busin,,,,ğŸš€ Startup Directory,
Snapmunk,https://startups.snapmunk.com,,,,ğŸš€ Startup Directory,
Software Advice,https://www.softwareadvice.com/vendors,,,,â­ï¸ Review Directory,
Software Suggest,http://softwaresuggest.com/vendors,,,,â­ï¸ Review Directory,
SoftwareSupp,https://softwaresupp.com,,,,â­ï¸ Review Directory,
Space Bandits,https://www.spacebandits.io/startups,,,,ğŸš€ Startup Directory,
Spectacle,https://spectacle.is/submit,,,,ğŸš€ Startup Directory,
Spiceworks,https://spiceworks.com,,,,â­ï¸ Review Directory,
Spoke,https://www.spoke.com,,,,ğŸš€ Startup Directory,
SpotSaaS,https://spotsaas.com,,,,ğŸš€ Startup Directory,
SpringWise,https://www.springwise.com,,,,ğŸš€ Startup Directory,
SpsFeed,https://spsfeed.com,,,,ğŸš€ Startup Directory,
StackList,https://stacklist.com,,,,ğŸ‘¥ Community,
Start Us,https://www.startus.cc,,,,ğŸš€ Startup Directory,
Starter Story,https://www.starterstory.com/share,,,,ğŸš€ Startup Directory,
Starticorn,https://starticorn.com/submit,,,,ğŸš€ Startup Directory,
Startup Beat,https://startupbeat.com/get-featured,,,,ğŸ— Press Coverage,
Startup Button,https://www.startupbutton.com,,,,ğŸš€ Startup Directory,
Startup Collections,http://startupcollections.com,,,,ğŸš€ Startup Directory,
Startup Costs,https://www.startupcosts.co/signup,,,,ğŸš€ Startup Directory,
Startup Deals,https://www.startupdeals.tech,,,,ğŸš€ Startup Directory,
Startup Dope,https://startupdope.com/submit-nev,,,,ğŸš€ Startup Directory,
Startup Europe,http://startupeurope.net,,,,ğŸš€ Startup Directory,
Startup Explore,https://startupxplore.com/en/startur,,,,ğŸš€ Startup Directory,
Startup Founders,https://startupfounders.com.au,,,,ğŸš€ Startup Directory,
Startup Galaxy,https://world.startupsgalaxy.com,,,,ğŸš€ Startup Directory,
Startup Guys,http://startupguys.net/submit-startup,,,,ğŸš€ Startup Directory,
Startup Inspire,http://startupinspire.com/startups,,,,ğŸš€ Startup Directory,
Startup John,https://www.startupiohn.com/submit-startu,,,,ğŸš€ Startup Directory,
Startup Lift,http://startuplift.com/submit-your-startup,,,,ğŸš€ Startup Directory,
Startup Pitch,http://thestartuppitch.com/post-a-pi,,,,ğŸš€ Startup Directory,
Startup Ranking,https://www.startupranking.com,,,,ğŸš€ Startup Directory,
Startup Resources,https://startupresources.io,,,,ğŸš€ Startup Directory,
Startup Roulette,http://startuproulette.com,,,,ğŸš€ Startup Directory,
Startup Savant,https://startupsavant.com,,,,ğŸš€ Startup Directory,
Startup Sea,http://www.startupsea.com/p/submi,,,,ğŸš€ Startup Directory,
Startup Tabs,https://www.startuptabs.com,,,,ğŸš€ Startup Directory,
Startup Tracker,https://startuptracker.io/crowdsourcing,,,,ğŸš€ Startup Directory,
Startup Wizz,http://startupwizz.com/submit-a-startup,,,,ğŸš€ Startup Directory,
Startup Wonders,https://startupwonders.com/submit/star,,,,ğŸš€ Startup Directory,
Startup World,https://www.startupworld.com/conti,,,,ğŸš€ Startup Directory,
Startup benchmarks,https://www.startupbenchmarks.com,,,,ğŸš€ Startup Directory,
Startup-List,https://www.startups-list.com,,,,ğŸš€ Startup Directory,
Startup88,https://startup88.com/category/star,,,,ğŸš€ Startup Directory,
StartupStage,https://startupstage.app,,,,ğŸš€ Startup Directory,
StartupTile,https://startuptile.com,,,,ğŸš€ Startup Directory,
StartupValley News,"https://www.startupvalley.news/apply-now,",,,,ğŸ— Press Coverage,
Startups UK,https://startups.co.uk/contact-us,,,,ğŸš€ Startup Directory,
Startups Watch,https://startups.watch,,,,ğŸš€ Startup Directory,
Startups of London,https://startupsoflondon.com,,,,ğŸš€ Startup Directory,
State of Tech,https://stateoftech.net,,,,ğŸš€ Startup Directory,
Storyfied,https://storyfied.com/get-featured,,,,ğŸš€ Startup Directory,
Stripe App Marketplace,https://marketplace.stripe.com,,,,ğŸ§© SaaS Marketplace,
Submissions Web Directory,https://www.submissionwebdirectory.cor,,,,ğŸ“‚ General Directory,
Submit Juice,https://submitjuice.com,,,,ğŸ— Press Coverage,
SuitApp,https://suitapp.de,,,,â­ï¸ Review Directory,
Superbcrew,https://www.superbcrew.com/about,,,,ğŸš€ Startup Directory,
Surges,https://www.surges.co,,,,ğŸš€ Startup Directory,
Taalk,https://taalk.com/submit-startup,,,,ğŸš€ Startup Directory,
TapScape,http://www.tapscape.com/submit-app-re,,,,ğŸš€ Startup Directory,
TeachOnline,https://teachonline.ca/tools-trends/best-pr,,,,ğŸš€ Startup Directory,
Tech,https://tech.eu,,,,ğŸš€ Startup Directory,
Tech Co.,https://tech.co/contact,,,,ğŸ— Press Coverage,
Tech Directory,http://techdirectory.io/get-listed,,,,â­ï¸ Review Directory,
Tech Dirt,http://techdirt.com/submitstory.php,,,,ğŸš€ Startup Directory,
Tech Faster,http://techfaster.com/submit-your-c,,,,ğŸš€ Startup Directory,
Tech Hive,https://www.techhive.com,,,,ğŸš€ Startup Directory,
Tech In Asia,https://www.techinasia.com,,,,ğŸš€ Startup Directory,
Tech Pluto,https://www.techpluto.com/submit-a-star,,,,ğŸš€ Startup Directory,
TechBehemoths,https://techbehemoths.com,,,,ğŸš€ Startup Directory,
TechBoard,https://techboard.com.au,,,,ğŸš€ Startup Directory,
Techendo,http://techendo.com/beta,,,,ğŸš€ Startup Directory,
Techli,https://techli.com/contact,,,,ğŸš€ Startup Directory,
TechnologyAdvice,https://technologyadvice.com,,,,â­ï¸ Review Directory,
Tekpon,https://tekpon.com,,,,â­ï¸ Review Directory,
That App Show,https://thatappshow.com,,,,ğŸš€ Startup Directory,
The AI Warehouse,https://thewarehouse.ai,,,,ğŸš€ Startup Directory,
The Apple Google,http://theapplegoogle.com,,,,ğŸš€ Startup Directory,
The Fascination,https://thefascination.com,,,,ğŸš€ Startup Directory,
The Hive Index,https://thehiveindex.com/submit,,,,ğŸš€ Startup Directory,
The Indianpreneur,https://theindianpreneur.com/advertise-,,,,ğŸš€ Startup Directory,
The Next Web,https://deals.thenextweb.com,,,,ğŸš€ Startup Directory,
The Popular Apps,http://thepopularapps.com/submit-app,,,,ğŸš€ Startup Directory,
The Startup Inc,https://www.thestartupinc.com,,,,ğŸš€ Startup Directory,
The Startup Journal,http://thestartupjournal.com/submit,,,,ğŸš€ Startup Directory,
The Startup Videos,http://thestartupvideos.com/submit-,,,,ğŸš€ Startup Directory,
The Tech Blog,https://www.thetechblock.com/contact-t,,,,ğŸš€ Startup Directory,
The Tech Index,https://thetechindex.com,,,,ğŸš€ Startup Directory,
The Tech Map,http://thetechmap.com/Account/Login,,,,ğŸš€ Startup Directory,
The Verge,https://www.theverge.com,,,,ğŸš€ Startup Directory,
The iPhone App Review,http://theiphoneappreview.com,,,,â­ï¸ Review Directory,
TheNoCodeCrew,https://thenocodecrew.com,,,,ğŸš€ Startup Directory,
Thing Testing,https://thingtesting.com/submit-brand,,,,ğŸš€ Startup Directory,
Tool Finder,https://toolfinder.co,,,,ğŸš€ Startup Directory,
Tool Salad,https://toolsalad.com/submit,,,,ğŸš€ Startup Directory,
Tools,https://tools.so,,,,ğŸš€ Startup Directory,
Tools NoCode,https://toolsnocode.com,,,,ğŸš€ Startup Directory,
Tools for Makers,https://toolsformakers.com,,,,ğŸš€ Startup Directory,
Toools.design,https://toools.design,,,,ğŸš€ Startup Directory,
Top No Code Tools,https://topnocode.tools,,,,ğŸš€ Startup Directory,
Topion Networls,https://www.topionetworks.com/#new-sitt,,,,ğŸš€ Startup Directory,
Toshilist,https://www.toshilist.com,,,,ğŸš€ Startup Directory,
ToucheArcade,https://toucharcade.com,,,,ğŸš€ Startup Directory,
Tran,https://tracxn.com,,,,ğŸš€ Startup Directory,
Trendy Startups,http://trendystartups.com/register,,,,ğŸš€ Startup Directory,
Trust Pilot,http://trustpilot.com,,,,â­ï¸ Review Directory,
Trust Radius,http://trustradius.com,,,,â­ï¸ Review Directory,
Unboxing Startups,https://unboxingstartups.com/contact,,,,ğŸš€ Startup Directory,
Under 1000 MRR,https://under1000mrr.tools,,,,ğŸš€ Startup Directory,
Unita,https://www.unita.co,,,,ğŸš€ Startup Directory,
Up Labs,https://www.uplabs.com,,,,ğŸš€ Startup Directory,
Valuer,https://www.valuer.ai,,,,ğŸš€ Startup Directory,
Vator News,https://vator.tv,,,,ğŸ— Press Coverage,
Venture Beat,https://venturebeat.com/quest-posts,,,,ğŸš€ Startup Directory,
VentureRadar,http://ventureradar.com/add_company,,,,ğŸš€ Startup Directory,
Viral Indian Diary,https://www.viralindiandiary.com/submit,,,,ğŸš€ Startup Directory,
Virtual Mojito,https://virtualmojito.com,,,,ğŸš€ Startup Directory,
W3 Catalog,http://w3catalog.com/submit.php,,,,ğŸš€ Startup Directory,
Web App Rater,https://webapprater.com,,,,ğŸš€ Startup Directory,
Web Designer News,https://webdesignernews.com,,,,ğŸ— Press Coverage,
Web Tools Weekly,http://webtoolsweekly.com/submit,,,,ğŸš€ Startup Directory,
Web3 Canvas,http://web3canvas.com/submit,,,,ğŸš€ Startup Directory,
Webdesign Inspiration,https://webdesign-inspiration.com,,,,ğŸš€ Startup Directory,
Webwide,http://webwide.io/forums/project-showca,,,,ğŸš€ Startup Directory,
What's new on the net,https://www.whatsnewonthenet.com/conti,,,,ğŸš€ Startup Directory,
Women Entrepreneurs Portal,https://wep.gov.in/knowledge-bank/mybl,,,,ğŸš€ Startup Directory,
YC Startup School,https://www.startupschool.org,,,,ğŸš€ Startup Directory,
Yelp,https://business.velp.com,,,,ğŸš€ Startup Directory,
Young Upstarts,http://youngupstarts.com,,,,ğŸš€ Startup Directory,
Younoodle,http://younoodle.com,,,,ğŸš€ Startup Directory,
Your Stack,https://yourstack.com,,,,ğŸš€ Startup Directory,
YourStory,https://yourstory.com/companies,,,,ğŸš€ Startup Directory,
ZDNet,https://www.zdnet.com/blog,,,,ğŸš€ Startup Directory,
Zumvu,http://zumvu.com/make-profile.zvx,,,,ğŸš€ Startup Directory,
e27,https://e27.co,,,,ğŸ‘¥ Community,
